[{
  "_id": {
    "$oid": "5f9dd87bd6d07b24cc541c02"
  },
  "likers": [
    "5f9bfe14ec46531d68f4fe56",
    "5f9ecb2a8a2ec12a94a35b21",
    "5f9ecd53045b03044c16c59a",
    "5f9eef12beda9f25ccc147dd",
    "5f85e4e67a53ec1f88d1dcce",
    "5fa69c3ab695893c3c57870b",
    "5fa6a26f508f20277cfefbe1",
    "5fa6a91464b38b17a0154354"
  ],
  "posterId": "5f80be3856a9cb3418b2f28b",
  "message": "Lorem ipsum dolor sit amet consectetur adipisicing elit. Dolores provident iste iure illum deserunt cumque commodi nobis impedit eum, repellendus, sunt, quo quidem? Hic vel labore modi minus voluptate ad aliquam asperiores, saepe reprehenderit nihil minima perspiciatis cum autem culpa!",
  "picture": "",
  "video": "",
  "comments": [
    {
      "_id": {
        "$oid": "5f9ec9b78a2ec12a94a35b1b"
      },
      "commenterId": "5f9bfe14ec46531d68f4fe56",
      "commenterPic": "./uploads/profil/JulesKounde.jpg",
      "commenterPseudo": "JulesKounde",
      "text": "Yo Kobe bien ou quoi ?",
      "timestamp": 1604241847462
    },
    {
      "_id": {
        "$oid": "5f9ecb598a2ec12a94a35b22"
      },
      "commenterId": "5f9ecb2a8a2ec12a94a35b21",
      "commenterPic": "./uploads/profil/random-user.png",
      "commenterPseudo": "JeanDuvoyage",
      "text": "Sympa ton site en bois",
      "timestamp": 1604242265840
    },
    {
      "_id": {
        "$oid": "5f9ecd7f045b03044c16c59c"
      },
      "commenterId": "5f9ecd53045b03044c16c59a",
      "commenterPic": "./uploads/profil/random-user.png",
      "commenterPseudo": "LaurentDelacouette",
      "text": "Yes !",
      "timestamp": 1604242815203
    },
    {
      "_id": {
        "$oid": "5f9ed93ea9df7838e47da775"
      },
      "commenterId": "5f9ed8c4a9df7838e47da770",
      "commenterPseudo": "LouisDeFitness",
      "text": "Cool raoul",
      "timestamp": 1604245822717
    },
    {
      "_id": {
        "$oid": "5fa6a99b977de337f83c4e79"
      },
      "commenterId": "5fa6a91464b38b17a0154354",
      "commenterPseudo": "Millan",
      "text": "Pas mal codé ce petit truc, bravo chapeau l'artiste",
      "timestamp": 1604757915821
    }
  ],
  "createdAt": {
    "$date": "2020-10-31T21:34:51.526Z"
  },
  "updatedAt": {
    "$date": "2020-11-07T14:05:15.822Z"
  },
  "__v": 0
},{
  "_id": {
    "$oid": "5f9ddbdf2a129106346e088e"
  },
  "likers": [
    "5f9bfe14ec46531d68f4fe56",
    "5f9ecb2a8a2ec12a94a35b21",
    "5f9ecd53045b03044c16c59a",
    "5f9eef12beda9f25ccc147dd",
    "5f85e4e67a53ec1f88d1dcce"
  ],
  "posterId": "5f85e4e67a53ec1f88d1dcce",
  "message": "Sympa mes dernières vacances non ? Likez partagez vite",
  "picture": "./uploads/posts/5f85e4e67a53ec1f88d1dcce1604180959551.jpg",
  "video": "",
  "comments": [
    {
      "_id": {
        "$oid": "5f9ecc5f045b03044c16c596"
      },
      "commenterId": "5f9ecb2a8a2ec12a94a35b21",
      "commenterPic": "./uploads/profil/JeanDuvoyage.jpg",
      "commenterPseudo": "JeanDuvoyage",
      "text": "Ah ouai pas mal",
      "timestamp": 1604242527357
    }
  ],
  "createdAt": {
    "$date": "2020-10-31T21:49:19.566Z"
  },
  "updatedAt": {
    "$date": "2020-11-07T13:31:14.030Z"
  },
  "__v": 0
},{
  "_id": {
    "$oid": "5f9ddd902a129106346e0891"
  },
  "likers": [
    "5f9bfe14ec46531d68f4fe56",
    "5f9ecb2a8a2ec12a94a35b21",
    "5f9eef12beda9f25ccc147dd",
    "5f85e4e67a53ec1f88d1dcce",
    "5f80be3856a9cb3418b2f28b"
  ],
  "posterId": "5f99a5bcce4a1f1cb8058002",
  "message": "Hier je rentrais Marmande et j'ai pris ça, bien nan ?",
  "picture": "./uploads/posts/5f99a5bcce4a1f1cb80580021604181392521.jpg",
  "video": "",
  "comments": [
    {
      "_id": {
        "$oid": "5f9ec9d88a2ec12a94a35b1c"
      },
      "commenterId": "5f9bfe14ec46531d68f4fe56",
      "commenterPic": "./uploads/profil/JulesKounde.jpg",
      "commenterPseudo": "JulesKounde",
      "text": "Pas mal ça Francis",
      "timestamp": 1604241880430
    }
  ],
  "createdAt": {
    "$date": "2020-10-31T21:56:32.524Z"
  },
  "updatedAt": {
    "$date": "2020-11-07T13:31:15.059Z"
  },
  "__v": 0
},{
  "_id": {
    "$oid": "5f9ec9538a2ec12a94a35b19"
  },
  "likers": [
    "5f9bfe14ec46531d68f4fe56",
    "5f9ecb2a8a2ec12a94a35b21",
    "5f9eef12beda9f25ccc147dd",
    "5f85e4e67a53ec1f88d1dcce"
  ],
  "posterId": "5f99abd5b18ad12cd48af17b",
  "message": "Incroyable ce son",
  "picture": "",
  "video": "https://www.youtube.com/embed/mBCm8abnHl8",
  "comments": [
    {
      "_id": {
        "$oid": "5f9ec9f08a2ec12a94a35b1d"
      },
      "commenterId": "5f9bfe14ec46531d68f4fe56",
      "commenterPic": "./uploads/profil/JulesKounde.jpg",
      "commenterPseudo": "JulesKounde",
      "text": "Lorem ipsum dolor sit amet consectetur adipisicing elit. Dolores provident iste iure illum deserunt cumque commodi nobis impedit eum",
      "timestamp": 1604241904237
    },
    {
      "_id": {
        "$oid": "5f9eca988a2ec12a94a35b20"
      },
      "commenterId": "5f9be256dff674319424bdb9",
      "commenterPic": "./uploads/profil/Global.jpg",
      "commenterPseudo": "Global",
      "text": "Ah ouai !",
      "timestamp": 1604242072717
    }
  ],
  "createdAt": {
    "$date": "2020-11-01T14:42:27.804Z"
  },
  "updatedAt": {
    "$date": "2020-11-01T17:33:11.847Z"
  },
  "__v": 0
},{
  "_id": {
    "$oid": "5f9ec98f8a2ec12a94a35b1a"
  },
  "likers": [
    "5f9bfe14ec46531d68f4fe56",
    "5f9ecb2a8a2ec12a94a35b21",
    "5f9eef12beda9f25ccc147dd",
    "5fa69c3ab695893c3c57870b"
  ],
  "posterId": "5f9bfe14ec46531d68f4fe56",
  "message": "Lorem ipsum dolor sit amet consectetur adipisicing elit. Dolores provident iste iure illum deserunt cumque commodi nobis impedit eum, repellendus, sunt, quo quidem? Hic vel labore modi minus voluptate ad aliquam asperiores 👌👌",
  "picture": "",
  "video": "",
  "comments": [
    {
      "_id": {
        "$oid": "5f9eca928a2ec12a94a35b1f"
      },
      "commenterId": "5f9be256dff674319424bdb9",
      "commenterPic": "./uploads/profil/Global.jpg",
      "commenterPseudo": "Global",
      "text": "rem ipsum dolor sit amet consectetur adipisicing elit. Dolores provident iste iure illum deserunt cumque c",
      "timestamp": 1604242066630
    },
    {
      "_id": {
        "$oid": "5f9ecc6b045b03044c16c597"
      },
      "commenterId": "5f9ecb2a8a2ec12a94a35b21",
      "commenterPic": "./uploads/profil/JeanDuvoyage.jpg",
      "commenterPseudo": "JeanDuvoyage",
      "text": "Mdr je parle pas latin moi !",
      "timestamp": 1604242539437
    }
  ],
  "createdAt": {
    "$date": "2020-11-01T14:43:27.749Z"
  },
  "updatedAt": {
    "$date": "2020-11-07T13:31:17.005Z"
  },
  "__v": 0
},{
  "_id": {
    "$oid": "5f9eca6f8a2ec12a94a35b1e"
  },
  "likers": [
    "5f9ecb2a8a2ec12a94a35b21",
    "7",
    "7",
    "4",
    "1",
    "1",
    "1",
    "1",
    "1",
    "",
    "",
    "",
    "",
    "",
    "",
    "",
    "",
    "",
    "",
    "",
    "",
    "",
    "",
    "",
    "",
    "",
    "",
    "",
    "",
    "",
    "",
    "",
    "",
    "5f9ecd53045b03044c16c59a",
    "5f9eef12beda9f25ccc147dd",
    "5f85e4e67a53ec1f88d1dcce",
    "5f80be3856a9cb3418b2f28b",
    "5fa69c3ab695893c3c57870b"
  ],
  "posterId": "5f9be256dff674319424bdb9",
  "message": "Petite après midi jardinage oklmzer 🍒",
  "picture": "./uploads/posts/5f9be256dff674319424bdb91604242031805.jpg",
  "video": "",
  "comments": [
    {
      "_id": {
        "$oid": "5f9ed934a9df7838e47da774"
      },
      "commenterId": "5f9ed8c4a9df7838e47da770",
      "commenterPseudo": "LouisDeFitness",
      "text": "Magnifique",
      "timestamp": 1604245812666
    },
    {
      "_id": {
        "$oid": "5f9eded2beda9f25ccc147d8"
      },
      "commenterId": "5f9ede0fbeda9f25ccc147d1",
      "commenterPseudo": "VanneRoumanoff",
      "text": "Putain qu'c'est beau",
      "timestamp": 1604247250289
    }
  ],
  "createdAt": {
    "$date": "2020-11-01T14:47:11.813Z"
  },
  "updatedAt": {
    "$date": "2020-11-07T13:31:17.973Z"
  },
  "__v": 0
},{
  "_id": {
    "$oid": "5f9ecbd5045b03044c16c595"
  },
  "likers": [
    "5f9eef12beda9f25ccc147dd",
    "5f80be3856a9cb3418b2f28b"
  ],
  "posterId": "5f9ecb2a8a2ec12a94a35b21",
  "message": "Il a changé le pont d'Aquitaine. Lorem ipsum dolor sit amet consectetur adipisicing elit. Dolores provident iste iure illum deserunt cumque commodi nobis impedit eum 😂😂",
  "picture": "./uploads/posts/5f9ecb2a8a2ec12a94a35b211604242389909.jpg",
  "video": "",
  "comments": [
    {
      "_id": {
        "$oid": "5f9ecc77045b03044c16c598"
      },
      "commenterId": "5f9ecb2a8a2ec12a94a35b21",
      "commenterPic": "./uploads/profil/JeanDuvoyage.jpg",
      "commenterPseudo": "JeanDuvoyage",
      "text": "COMMENTEZ !!!",
      "timestamp": 1604242551861
    },
    {
      "_id": {
        "$oid": "5f9ecd76045b03044c16c59b"
      },
      "commenterId": "5f9ecd53045b03044c16c59a",
      "commenterPic": "./uploads/profil/random-user.png",
      "commenterPseudo": "LaurentDelacouette",
      "text": "Non.",
      "timestamp": 1604242806718
    }
  ],
  "createdAt": {
    "$date": "2020-11-01T14:53:09.924Z"
  },
  "updatedAt": {
    "$date": "2020-11-02T22:29:52.943Z"
  },
  "__v": 0
},{
  "_id": {
    "$oid": "5f9ed567a9df7838e47da765"
  },
  "likers": [
    "5f9ecd53045b03044c16c59a",
    "5f9eef12beda9f25ccc147dd",
    "5f85e4e67a53ec1f88d1dcce",
    "5fa6a26f508f20277cfefbe1"
  ],
  "posterId": "5f9ecd53045b03044c16c59a",
  "message": "Vous avez pas vu ma housse ?",
  "picture": "",
  "video": "",
  "comments": [
    {
      "_id": {
        "$oid": "5f9ede36beda9f25ccc147d4"
      },
      "commenterId": "5f9ede0fbeda9f25ccc147d1",
      "commenterPseudo": "VanneRoumanoff",
      "text": "Ah non dsl",
      "timestamp": 1604247094913
    },
    {
      "_id": {
        "$oid": "5fa6a196508f20277cfefbe0"
      },
      "commenterId": "5fa69c3ab695893c3c57870b",
      "commenterPseudo": "Philou",
      "text": "Pas vu pas pris",
      "timestamp": 1604755862165
    }
  ],
  "createdAt": {
    "$date": "2020-11-01T15:33:59.568Z"
  },
  "updatedAt": {
    "$date": "2020-11-07T13:38:05.132Z"
  },
  "__v": 0
},{
  "_id": {
    "$oid": "5f9ed683a9df7838e47da768"
  },
  "likers": [
    "5f9eef12beda9f25ccc147dd",
    "5fa6a26f508f20277cfefbe1"
  ],
  "posterId": "5f9ed64ca9df7838e47da767",
  "message": "Il parait que la vie ne vaut le coup d'être vécu que si, ouai ok on s'en fout",
  "picture": "./uploads/posts/5f9ed64ca9df7838e47da7671604245123099.jpg",
  "video": "",
  "comments": [
    {
      "_id": {
        "$oid": "5f9ed75ca9df7838e47da76f"
      },
      "commenterId": "5f9ed6fca9df7838e47da76b",
      "commenterPseudo": "PascalAuBistrot",
      "text": "J'adore cette citation !! 😬 ",
      "timestamp": 1604245340861
    },
    {
      "_id": {
        "$oid": "5fa1455447edbf167403e4a2"
      },
      "commenterId": "5f80be3856a9cb3418b2f28b",
      "commenterPseudo": "KobeKenjo",
      "text": "Génial !",
      "timestamp": 1604404564340
    }
  ],
  "createdAt": {
    "$date": "2020-11-01T15:38:43.105Z"
  },
  "updatedAt": {
    "$date": "2020-11-07T13:38:05.759Z"
  },
  "__v": 0
},{
  "_id": {
    "$oid": "5f9ed742a9df7838e47da76e"
  },
  "likers": [
    "5f9ede0fbeda9f25ccc147d1",
    "5f9eef12beda9f25ccc147dd",
    "5f80be3856a9cb3418b2f28b"
  ],
  "posterId": "5f9ed6fca9df7838e47da76b",
  "message": "👨‍❤️‍👨 👩‍❤️‍👩 👪 👨‍👩‍👦 👨‍👩‍👧 👨‍👩‍👧‍👦",
  "picture": "./uploads/posts/5f9ed6fca9df7838e47da76b1604245314103.jpg",
  "video": "",
  "comments": [
    {
      "_id": {
        "$oid": "5f9ede2ebeda9f25ccc147d3"
      },
      "commenterId": "5f9ede0fbeda9f25ccc147d1",
      "commenterPseudo": "VanneRoumanoff",
      "text": "Lol",
      "timestamp": 1604247086662
    },
    {
      "_id": {
        "$oid": "5fa088663e4adf3f602a6940"
      },
      "commenterId": "5f80be3856a9cb3418b2f28b",
      "commenterPseudo": "KobeKenjo",
      "text": "Genial !",
      "timestamp": 1604356198729
    },
    {
      "_id": {
        "$oid": "5fa6a18d508f20277cfefbdf"
      },
      "commenterId": "5fa69c3ab695893c3c57870b",
      "commenterPseudo": "Philou",
      "text": "Hahahah",
      "timestamp": 1604755853688
    }
  ],
  "createdAt": {
    "$date": "2020-11-01T15:41:54.106Z"
  },
  "updatedAt": {
    "$date": "2020-11-07T13:30:53.689Z"
  },
  "__v": 0
},{
  "_id": {
    "$oid": "5f9ed8ffa9df7838e47da771"
  },
  "likers": [
    "5f9eef12beda9f25ccc147dd",
    "5f80be3856a9cb3418b2f28b",
    "5fa6a26f508f20277cfefbe1",
    "5fa6a7517185381cd419a5af",
    "5fa6a845035eb11808be90e1",
    "5fa6a91464b38b17a0154354"
  ],
  "posterId": "5f9ed8c4a9df7838e47da770",
  "message": "Lorem ipsum dolor sit amet consectetur adipisicing elit. Et, officia. Fugit illum, ipsa porro, minima nisi adipisci labore optio rerum voluptatem vel atque numquam harum alias est temporibus cumque neque obcaecati, aliquam ea corporis culpa doloribus ut! 😲😲 Suscipit vitae incidunt recusandae nihil praesentium quasi aliquid eum! Nihil ab praesentium earum odio illo illum sequi aut facilis distinctio. Delectus, aspernatur illo! 🤮",
  "picture": "",
  "video": "",
  "comments": [
    {
      "_id": {
        "$oid": "5f9ed947a9df7838e47da776"
      },
      "commenterId": "5f9ed8c4a9df7838e47da770",
      "commenterPseudo": "LouisDeFitness",
      "text": "Commentez svp",
      "timestamp": 1604245831623
    },
    {
      "_id": {
        "$oid": "5f9ed949a9df7838e47da777"
      },
      "commenterId": "5f9ed8c4a9df7838e47da770",
      "commenterPseudo": "LouisDeFitness",
      "text": "Commentez !!!",
      "timestamp": 1604245833876
    },
    {
      "_id": {
        "$oid": "5f9ed94ba9df7838e47da778"
      },
      "commenterId": "5f9ed8c4a9df7838e47da770",
      "commenterPseudo": "LouisDeFitness",
      "text": "merci !",
      "timestamp": 1604245835514
    },
    {
      "_id": {
        "$oid": "5f9ede29beda9f25ccc147d2"
      },
      "commenterId": "5f9ede0fbeda9f25ccc147d1",
      "commenterPseudo": "VanneRoumanoff",
      "text": "Ferme la non ?",
      "timestamp": 1604247081686
    },
    {
      "_id": {
        "$oid": "5f9ef172beda9f25ccc147e1"
      },
      "commenterId": "5f85e4e67a53ec1f88d1dcce",
      "commenterPseudo": "Martin",
      "text": "Vous êtes cons ! 🤣 ",
      "timestamp": 1604252018012
    },
    {
      "_id": {
        "$oid": "5fa1415b47edbf167403e4a0"
      },
      "commenterId": "5f80be3856a9cb3418b2f28b",
      "commenterPseudo": "KobeKenjo",
      "text": "Haha !",
      "timestamp": 1604403547643
    },
    {
      "_id": {
        "$oid": "5fa6a3360b502137d839d4bb"
      },
      "commenterId": "5fa6a26f508f20277cfefbe1",
      "commenterPseudo": "Sarah",
      "text": "Je suis dead !!",
      "timestamp": 1604756278867
    },
    {
      "_id": {
        "$oid": "5fa6a93364b38b17a0154355"
      },
      "commenterId": "5fa6a91464b38b17a0154354",
      "commenterPseudo": "Millan",
      "text": "Non mais c'est n'imp !",
      "timestamp": 1604757811142
    }
  ],
  "createdAt": {
    "$date": "2020-11-01T15:49:19.355Z"
  },
  "updatedAt": {
    "$date": "2020-11-07T14:03:31.143Z"
  },
  "__v": 0
},{
  "_id": {
    "$oid": "5f9ede72beda9f25ccc147d7"
  },
  "likers": [
    "5f9eef12beda9f25ccc147dd",
    "5fa6a26f508f20277cfefbe1"
  ],
  "posterId": "5f9ede0fbeda9f25ccc147d1",
  "message": "",
  "picture": "./uploads/posts/5f9ede0fbeda9f25ccc147d11604247154614.jpg",
  "video": "",
  "comments": [
    {
      "_id": {
        "$oid": "5fa088723e4adf3f602a6941"
      },
      "commenterId": "5f80be3856a9cb3418b2f28b",
      "commenterPseudo": "KobeKenjo",
      "text": "Not bad !",
      "timestamp": 1604356210041
    }
  ],
  "createdAt": {
    "$date": "2020-11-01T16:12:34.619Z"
  },
  "updatedAt": {
    "$date": "2020-11-07T13:38:48.773Z"
  },
  "__v": 0
},{
  "_id": {
    "$oid": "5f9eee0abeda9f25ccc147da"
  },
  "likers": [
    "5f9eef12beda9f25ccc147dd",
    "5f9f04fc55308e395c8c870d",
    "5f80be3856a9cb3418b2f28b"
  ],
  "posterId": "5f80be3856a9cb3418b2f28b",
  "message": "Lorem ipsum dolor sit amet consectetur adipisicing elit. Et, officia. Fugit illum, ipsa porro, minima nisi adipisci labore optio rerum voluptatem vel atque numquam harum alias est temporibus cumque neque obcaecati, aliquam ea corporis culpa doloribus ut!  Suscipit vitae incidunt recusandae nihil praesentium quasi aliquid eum! Nihil ab praesentium earum odio illo illum sequi aut facilis distinctio. 🤑",
  "picture": "",
  "video": "",
  "comments": [
    {
      "_id": {
        "$oid": "5f9ef179beda9f25ccc147e2"
      },
      "commenterId": "5f85e4e67a53ec1f88d1dcce",
      "commenterPseudo": "Martin",
      "text": "Yo !",
      "timestamp": 1604252025221
    },
    {
      "_id": {
        "$oid": "5fa6a32a0b502137d839d4ba"
      },
      "commenterId": "5fa6a26f508f20277cfefbe1",
      "commenterPseudo": "Sarah",
      "text": "T'as bien raison",
      "timestamp": 1604756266973
    },
    {
      "_id": {
        "$oid": "5fa6a76d7185381cd419a5b0"
      },
      "commenterId": "5fa6a7517185381cd419a5af",
      "commenterPseudo": "Justine",
      "text": "Pas mal jerry",
      "timestamp": 1604757357987
    }
  ],
  "createdAt": {
    "$date": "2020-11-01T17:19:06.312Z"
  },
  "updatedAt": {
    "$date": "2020-11-07T13:55:57.988Z"
  },
  "__v": 0
},{
  "_id": {
    "$oid": "5f9eef4cbeda9f25ccc147de"
  },
  "likers": [
    "5f9eef12beda9f25ccc147dd",
    "5f85e4e67a53ec1f88d1dcce",
    "",
    "",
    "",
    "5f80be3856a9cb3418b2f28b",
    "5fa6a26f508f20277cfefbe1",
    "5fa6a845035eb11808be90e1",
    "5fa6a91464b38b17a0154354"
  ],
  "posterId": "5f9eef12beda9f25ccc147dd",
  "message": "Ce son, trop cool ! 👏🚀👏",
  "picture": "",
  "video": "https://www.youtube.com/embed/xarC5jAiO7w",
  "comments": [
    {
      "_id": {
        "$oid": "5f9ef182beda9f25ccc147e3"
      },
      "commenterId": "5f85e4e67a53ec1f88d1dcce",
      "commenterPseudo": "Martin",
      "text": "Nice ! J'aime bien !",
      "timestamp": 1604252034179
    },
    {
      "_id": {
        "$oid": "5f9ef18bbeda9f25ccc147e4"
      },
      "commenterId": "5f85e4e67a53ec1f88d1dcce",
      "commenterPseudo": "Martin",
      "text": "En fait non j'ai écouté jusqu'à la fin c'est naze",
      "timestamp": 1604252043957
    },
    {
      "_id": {
        "$oid": "5f9ef193beda9f25ccc147e5"
      },
      "commenterId": "5f85e4e67a53ec1f88d1dcce",
      "commenterPseudo": "Martin",
      "text": "Je vais réécouter pour être sur",
      "timestamp": 1604252051249
    },
    {
      "_id": {
        "$oid": "5f9ef19ebeda9f25ccc147e6"
      },
      "commenterId": "5f85e4e67a53ec1f88d1dcce",
      "commenterPseudo": "Martin",
      "text": "🤮",
      "timestamp": 1604252062073
    },
    {
      "_id": {
        "$oid": "5fa1413f47edbf167403e49f"
      },
      "commenterId": "5f80be3856a9cb3418b2f28b",
      "commenterPseudo": "KobeKenjo",
      "text": "Chut !9",
      "timestamp": 1604403519406
    }
  ],
  "createdAt": {
    "$date": "2020-11-01T17:24:28.873Z"
  },
  "updatedAt": {
    "$date": "2020-11-07T14:03:17.100Z"
  },
  "__v": 0
},{
  "_id": {
    "$oid": "5f9ef1f3beda9f25ccc147e7"
  },
  "likers": [
    "5f80be3856a9cb3418b2f28b",
    "5f9eef12beda9f25ccc147dd",
    "5fa6a26f508f20277cfefbe1",
    "5fa6a7517185381cd419a5af",
    "5fa6a845035eb11808be90e1"
  ],
  "posterId": "5f85e4e67a53ec1f88d1dcce",
  "message": "Posey 🤭 sit amet consectetur adipisicing elit. Et, officia. Fugit illum, ipsa porro, minima nisi adipisci labore optio rerum voluptatem vel atque numquam harum alias est temporibus cumque neque obcaecati 🤩",
  "picture": "./uploads/posts/5f85e4e67a53ec1f88d1dcce1604252147894.jpg",
  "video": "",
  "comments": [
    {
      "_id": {
        "$oid": "5fa0887d3e4adf3f602a6942"
      },
      "commenterId": "5f80be3856a9cb3418b2f28b",
      "commenterPseudo": "KobeKenjo",
      "text": "A chier",
      "timestamp": 1604356221702
    },
    {
      "_id": {
        "$oid": "5fa414863cb2ab1eac6d8d09"
      },
      "commenterId": "5f9eef12beda9f25ccc147dd",
      "commenterPseudo": "QuadMerad",
      "text": "Coucou",
      "timestamp": 1604588678169
    },
    {
      "_id": {
        "$oid": "5fa69cadb695893c3c57870e"
      },
      "commenterId": "5fa69c3ab695893c3c57870b",
      "commenterPseudo": "Philou",
      "text": "Top ça",
      "timestamp": 1604754605408
    }
  ],
  "createdAt": {
    "$date": "2020-11-01T17:35:47.898Z"
  },
  "updatedAt": {
    "$date": "2020-11-10T16:02:51.590Z"
  },
  "__v": 0
}]