[{
  "_id": {
    "$oid": "5f80be3856a9cb3418b2f28b"
  },
  "picture": "./uploads/profil/KobeKenjo.jpg",
  "pseudo": "JustFS",
  "email": "kobekenjo@gmail.com",
  "password": "$2a$10$m0SojexTqf7aC/LYc9IJcOk26CTkSArkoAnY7.YjXzIuDwmKN591a",
  "date": {
    "$date": "2020-10-09T19:47:04.168Z"
  },
  "__v": 0,
  "following": [
    "5f8d7f7e08d60400f0628701",
    "5f8edc2bf0394433dcc0031b",
    "5f8fe53edb205322dcfa2507",
    "5f93fd376ed95a1b588b7f3e",
    "5f80bc4a56a9cb3418b2f288",
    "5fa2adf13d00843a8c2a7f7e",
    "5fa6a7517185381cd419a5af",
    "5f85e4e67a53ec1f88d1dcce",
    "5f99abd5b18ad12cd48af17b"
  ],
  "updatedAt": {
    "$date": "2020-11-11T19:14:22.168Z"
  },
  "followers": [
    "5f8fe53edb205322dcfa2507",
    "5f80bc4a56a9cb3418b2f288",
    "5f8d7f7e08d60400f0628701",
    "5f99a5bcce4a1f1cb8058002",
    "5f99abd5b18ad12cd48af17b",
    "5f85e4e67a53ec1f88d1dcce",
    "5f9be256dff674319424bdb9",
    "5f9ecd53045b03044c16c59a",
    "5f9f04fc55308e395c8c870d",
    "5fa6a26f508f20277cfefbe1",
    "5fa69c3ab695893c3c57870b"
  ],
  "likes": [
    "5f8edc40f0394433dcc0031c",
    "5f8d7fb108d60400f0628702",
    "5f93fc4b12506939906eec0f",
    "5f97366197991b03e0a329f4",
    "5f97f2300f770e3a181da8a1",
    "5f97f284bdc66612807d6fb7",
    "5f97f2cb23b90e36a486ee7e",
    "5f97f34d793dad008061fe58",
    "5f97f3be793dad008061fe59",
    "5f9ddd902a129106346e0891",
    "5f9ecbd5045b03044c16c595",
    "5f9ed8ffa9df7838e47da771",
    "5f9eee0abeda9f25ccc147da",
    "5f9ed742a9df7838e47da76e",
    "5f9eca6f8a2ec12a94a35b1e",
    "5f9ef1f3beda9f25ccc147e7",
    "5f9eef4cbeda9f25ccc147de"
  ],
  "bio": "Hey hey salut"
},{
  "_id": {
    "$oid": "5f85e4e67a53ec1f88d1dcce"
  },
  "picture": "./uploads/profil/Martin.jpg",
  "pseudo": "Martin",
  "email": "martin@gmail.com",
  "password": "$2a$10$NHXFYvXeFVzZNA7nzODUBOgiPUqDlSoYzrgJmzyluAepGmRhduZxS",
  "date": {
    "$date": "2020-10-13T17:33:26.306Z"
  },
  "__v": 0,
  "followers": [
    "5f8fe53edb205322dcfa2507",
    "5f80bc4a56a9cb3418b2f288",
    "5f8d7f7e08d60400f0628701",
    "5f99a5bcce4a1f1cb8058002",
    "5f99abd5b18ad12cd48af17b",
    "5f9be256dff674319424bdb9",
    "5f9bfe14ec46531d68f4fe56",
    "5f9ecd53045b03044c16c59a",
    "5f9eeddebeda9f25ccc147d9",
    "5fa6a26f508f20277cfefbe1",
    "5fa6a845035eb11808be90e1",
    "5fa69c3ab695893c3c57870b",
    "5f80be3856a9cb3418b2f28b"
  ],
  "updatedAt": {
    "$date": "2020-11-11T19:14:06.715Z"
  },
  "following": [
    "5f8d7f7e08d60400f0628701",
    "5f99abd5b18ad12cd48af17b",
    "5f99a5bcce4a1f1cb8058002",
    "5f80be3856a9cb3418b2f28b",
    "5f8fe53edb205322dcfa2507",
    "5f9be256dff674319424bdb9",
    "5f8edc2bf0394433dcc0031b",
    "5f9bfe14ec46531d68f4fe56",
    "5f9ecb2a8a2ec12a94a35b21",
    "5f9eef12beda9f25ccc147dd",
    "5f9ed8c4a9df7838e47da770",
    "5f9eeddebeda9f25ccc147d9",
    "5f9ede0fbeda9f25ccc147d1",
    "5f9ecd53045b03044c16c59a",
    "5f9ed6fca9df7838e47da76b",
    "5f9ed64ca9df7838e47da767"
  ],
  "likes": [
    "5f899c796991c13ad8a5b4d6",
    "5f899c3f6991c13ad8a5b4d4",
    "5f899c1e6991c13ad8a5b4d2",
    "5f93fc4b12506939906eec0f",
    "5f97366197991b03e0a329f4",
    "5f97f3be793dad008061fe59",
    "5f983f12b4972942904e2af0",
    "5f99e758bfca691ec06b19cc",
    "5f9a00bc8f590f48f02545bd",
    "5f9a967622d2e6343c56d6e6",
    "5f9dd87bd6d07b24cc541c02",
    "5f9ddbdf2a129106346e088e",
    "5f9ddd902a129106346e0891",
    "5f9ec9538a2ec12a94a35b19",
    "5f9eca6f8a2ec12a94a35b1e",
    "5f9ed567a9df7838e47da765",
    "5f9eef4cbeda9f25ccc147de"
  ],
  "bio": null
},{
  "_id": {
    "$oid": "5f99a5bcce4a1f1cb8058002"
  },
  "picture": "./uploads/profil/Francis4L.jpg",
  "followers": [
    "5f99abd5b18ad12cd48af17b",
    "5f85e4e67a53ec1f88d1dcce",
    "5f9be256dff674319424bdb9",
    "5f9ecd53045b03044c16c59a",
    "5f9f04fc55308e395c8c870d",
    "5fa6a26f508f20277cfefbe1",
    "5fa69c3ab695893c3c57870b",
    "5faab8d62b26a34098286cef"
  ],
  "following": [
    "5f8d7f7e08d60400f0628701",
    "5f80be3856a9cb3418b2f28b",
    "5f85e4e67a53ec1f88d1dcce"
  ],
  "likes": [
    "5f99ab0fa1b572100cf723a1",
    "5f97f3be793dad008061fe59",
    "5f983f12b4972942904e2af0",
    "5f97366197991b03e0a329f4",
    "5f93fc4b12506939906eec0f"
  ],
  "pseudo": "Francis4L",
  "email": "francis@gmail.com",
  "password": "$2a$10$LT6tk6EXN4si1Jq3hzp6y.aomWYeDxIlBuhfv.zxKOmOOaUSQ/98q",
  "updatedAt": {
    "$date": "2020-11-10T16:01:58.276Z"
  },
  "__v": 0,
  "bio": "Lorem ipsum dolor sit amet consectetur adipisicing elit. Voluptate est consequatur minus temporibus repudiandae, tenetur aliquam necessitatibus explicabo ut blanditiis nobis maxime deleniti ducimus quos molestias iure maiores voluptatem. Culpa, temporibus? Esse error architecto inventore quaerat suscipit atque amet sequi veritatis? Veniam ex dolores autem quaerat ipsa incidunt vel repellat deleniti quae quia dignissimos atque repudiandae nihil libero, velit praesentium! Harum vitae debitis magni optio nesciunt ipsam modi, sint impedit? Saepe temporibus excepturi molestiae error! Iure sapiente voluptatibus veritatis sunt cum neque ducimus aliquid!"
},{
  "_id": {
    "$oid": "5f99abd5b18ad12cd48af17b"
  },
  "picture": "./uploads/profil/JeanNeymar.jpg",
  "followers": [
    "5f85e4e67a53ec1f88d1dcce",
    "5f9be256dff674319424bdb9",
    "5f9bfe14ec46531d68f4fe56",
    "5f9ecd53045b03044c16c59a",
    "5f9f04fc55308e395c8c870d",
    "5f80be3856a9cb3418b2f28b"
  ],
  "following": [
    "5f8d7f7e08d60400f0628701",
    "5f80be3856a9cb3418b2f28b",
    "5f85e4e67a53ec1f88d1dcce",
    "5f99a5bcce4a1f1cb8058002",
    "5f9be256dff674319424bdb9",
    "5f8fe53edb205322dcfa2507",
    "5f9947a8e90fbc1bf4b3321e",
    "5f8edc2bf0394433dcc0031b",
    "5f80bc4a56a9cb3418b2f288"
  ],
  "likes": [
    "5f99e758bfca691ec06b19cc"
  ],
  "pseudo": "JeanNeymar",
  "email": "neymar@gmail.com",
  "password": "$2a$10$rLDRRTgi5PoDYP9TFnVeqePbhOVxMd01l.cnZ3/6Kk0XxcvsO62Im",
  "updatedAt": {
    "$date": "2020-11-11T19:14:09.172Z"
  },
  "__v": 0,
  "bio": null
},{
  "_id": {
    "$oid": "5f9be256dff674319424bdb9"
  },
  "picture": "./uploads/profil/Global.jpg",
  "followers": [
    "5f9be256dff674319424bdb9",
    "5f85e4e67a53ec1f88d1dcce",
    "5f99abd5b18ad12cd48af17b",
    "5f9bfe14ec46531d68f4fe56",
    "5f9ecd53045b03044c16c59a",
    "5f9f04fc55308e395c8c870d",
    "5f9eeddebeda9f25ccc147d9",
    "5fa69c3ab695893c3c57870b"
  ],
  "following": [
    "5f80be3856a9cb3418b2f28b",
    "5f8edc2bf0394433dcc0031b",
    "5f8d7f7e08d60400f0628701",
    "5f9947a8e90fbc1bf4b3321e",
    "5f99abd5b18ad12cd48af17b",
    "5f85e4e67a53ec1f88d1dcce",
    "5f93fd376ed95a1b588b7f3e",
    "5f80bc4a56a9cb3418b2f288",
    "5f8fe53edb205322dcfa2507",
    "5f9be256dff674319424bdb9",
    "5f99a5bcce4a1f1cb8058002"
  ],
  "likes": [],
  "pseudo": "Global",
  "email": "global@gmail.com",
  "password": "$2a$10$I22hxe2P.GL97LfQeSgPmOlfBpvcz3eYXPCertz31JGJJyuGqe7Ty",
  "updatedAt": {
    "$date": "2020-11-09T12:05:46.204Z"
  },
  "__v": 0,
  "bio": null
},{
  "_id": {
    "$oid": "5f9bfe14ec46531d68f4fe56"
  },
  "picture": "./uploads/profil/JulesKounde.jpg",
  "followers": [
    "5f85e4e67a53ec1f88d1dcce",
    "5f9ecd53045b03044c16c59a",
    "5f9ede0fbeda9f25ccc147d1",
    "5f9eef12beda9f25ccc147dd",
    "5f9f04fc55308e395c8c870d"
  ],
  "following": [
    "5f85e4e67a53ec1f88d1dcce",
    "5f99abd5b18ad12cd48af17b",
    "5f9be256dff674319424bdb9",
    "5f9947a8e90fbc1bf4b3321e",
    "5f8d7f7e08d60400f0628701"
  ],
  "likes": [
    "5f93fc4b12506939906eec0f",
    "5f9bfff1eba2e82318fb691c",
    "5f9c4bf7ddb82614b43d1dc1",
    "5f9c61535e1c3925703abd70",
    "5f9d27178091ff0afcd30d65",
    "5f9d271f8091ff0afcd30d66",
    "5f9d270e8091ff0afcd30d64",
    "5f9d270a8091ff0afcd30d63",
    "5f9dd2069cea23404c551c14",
    "5f9ddbdf2a129106346e088e",
    "5f9dd87bd6d07b24cc541c02",
    "5f9ec98f8a2ec12a94a35b1a",
    "5f9ec9538a2ec12a94a35b19",
    "5f9ddd902a129106346e0891"
  ],
  "pseudo": "JulesKounde",
  "email": "kounde@gmail.com",
  "password": "$2a$10$li15EenwKBeXPjd3J3BVEuDkVQAaFJvB/ch751LI7V43IivRkPZ6.",
  "updatedAt": {
    "$date": "2020-11-10T16:01:20.710Z"
  },
  "__v": 0,
  "bio": null
},{
  "_id": {
    "$oid": "5f9ecb2a8a2ec12a94a35b21"
  },
  "picture": "./uploads/profil/JeanDuvoyage.jpg",
  "followers": [
    "5f9ecd53045b03044c16c59a",
    "5f9ed64ca9df7838e47da767",
    "5f9eef12beda9f25ccc147dd",
    "5f85e4e67a53ec1f88d1dcce",
    "5f9f04fc55308e395c8c870d",
    "5fa69c3ab695893c3c57870b"
  ],
  "following": [],
  "likes": [
    "5f9dd87bd6d07b24cc541c02",
    "5f9ddbdf2a129106346e088e",
    "5f9ddd902a129106346e0891",
    "5f9ec9538a2ec12a94a35b19",
    "5f9ec98f8a2ec12a94a35b1a",
    "5f9eca6f8a2ec12a94a35b1e"
  ],
  "pseudo": "JeanDuvoyage",
  "email": "jeandu@gmail.com",
  "password": "$2a$10$4pAORfUKrJrCFpC3KTmWzuZ86gYq0OzcJOyfAB3GqL8fDimovu.cq",
  "updatedAt": {
    "$date": "2020-11-07T13:10:21.773Z"
  },
  "__v": 0
},{
  "_id": {
    "$oid": "5f9ecd53045b03044c16c59a"
  },
  "picture": "./uploads/profil/LaurentDelacouette.jpg",
  "followers": [
    "5f9eef12beda9f25ccc147dd",
    "5f85e4e67a53ec1f88d1dcce",
    "5f9f04fc55308e395c8c870d",
    "5fa69c3ab695893c3c57870b"
  ],
  "following": [
    "5f80be3856a9cb3418b2f28b",
    "5f85e4e67a53ec1f88d1dcce",
    "5f9bfe14ec46531d68f4fe56",
    "5f99abd5b18ad12cd48af17b",
    "5f9ecb2a8a2ec12a94a35b21",
    "5f9be256dff674319424bdb9",
    "5f99a5bcce4a1f1cb8058002"
  ],
  "likes": [
    "5f9dd87bd6d07b24cc541c02",
    "5f9ed567a9df7838e47da765",
    "5f9ddbdf2a129106346e088e",
    "5f9eca6f8a2ec12a94a35b1e"
  ],
  "pseudo": "LaurentDelacouette",
  "email": "laurent@gmail.com",
  "password": "$2a$10$LOF3.qF0uGgMWEl3booQFO9wCVs2M8ZP337BY9hSuy6za0qnLRAv6",
  "updatedAt": {
    "$date": "2020-11-07T13:10:20.717Z"
  },
  "__v": 0
},{
  "_id": {
    "$oid": "5f9ed64ca9df7838e47da767"
  },
  "picture": "./uploads/profil/ZinedineTzigane.jpg",
  "followers": [
    "5f9eef12beda9f25ccc147dd",
    "5f85e4e67a53ec1f88d1dcce",
    "5f9f04fc55308e395c8c870d",
    "5fa69c3ab695893c3c57870b"
  ],
  "following": [
    "5f9ecb2a8a2ec12a94a35b21"
  ],
  "likes": [],
  "pseudo": "ZinedineTzigane",
  "email": "zidane@gmail.com",
  "password": "$2a$10$nEWVSO7bGkwXT6dXkFA/6.k1rKqnynSc.pTxRVHz0ICh.iu9ajxve",
  "updatedAt": {
    "$date": "2020-11-09T12:05:46.523Z"
  },
  "__v": 0
},{
  "_id": {
    "$oid": "5f9ed6fca9df7838e47da76b"
  },
  "picture": "./uploads/profil/PascalAuBistrot.jpg",
  "followers": [
    "5f9eef12beda9f25ccc147dd",
    "5f85e4e67a53ec1f88d1dcce",
    "5f9f04fc55308e395c8c870d",
    "5fa69c3ab695893c3c57870b"
  ],
  "following": [],
  "likes": [],
  "pseudo": "PascalAuBistrot",
  "email": "pascal@gmail.com",
  "password": "$2a$10$ZiSEsrcI/alBQapcLQ9yaeIga0kKazs8pidrkziXx3lDjUzLOo83W",
  "updatedAt": {
    "$date": "2020-11-09T12:05:46.644Z"
  },
  "__v": 0
},{
  "_id": {
    "$oid": "5f9ed8c4a9df7838e47da770"
  },
  "picture": "./uploads/profil/LouisDeFitness.jpg",
  "followers": [
    "5f9eef12beda9f25ccc147dd",
    "5f85e4e67a53ec1f88d1dcce",
    "5f9f04fc55308e395c8c870d",
    "5fa69c3ab695893c3c57870b",
    "5faab8d62b26a34098286cef"
  ],
  "following": [],
  "likes": [],
  "pseudo": "LouisDeFitness",
  "email": "louis@gmail.com",
  "password": "$2a$10$an3/If6G.YQIOY/HtUVnFOLoRQAiFsKkk4nvIQzAisINOXVSbBvjC",
  "updatedAt": {
    "$date": "2020-11-10T16:01:57.853Z"
  },
  "__v": 0
},{
  "_id": {
    "$oid": "5f9ede0fbeda9f25ccc147d1"
  },
  "picture": "./uploads/profil/VanneRoumanoff.jpg",
  "followers": [
    "5f9eef12beda9f25ccc147dd",
    "5f85e4e67a53ec1f88d1dcce",
    "5f9f04fc55308e395c8c870d",
    "5fa69c3ab695893c3c57870b",
    "5fa6a26f508f20277cfefbe1"
  ],
  "following": [
    "5f9bfe14ec46531d68f4fe56"
  ],
  "likes": [
    "5f9ed742a9df7838e47da76e"
  ],
  "pseudo": "VanneRoumanoff",
  "email": "vanne@gmail.com",
  "password": "$2a$10$Ef/Ku4RXbdrWKgtfMT8vnujCHsi7dy/1i.0xNk0l3sGlGg6gVucwO",
  "updatedAt": {
    "$date": "2020-11-09T12:05:46.910Z"
  },
  "__v": 0
},{
  "_id": {
    "$oid": "5f9eeddebeda9f25ccc147d9"
  },
  "picture": "./uploads/profil/CecileDuFlot.jpg",
  "followers": [
    "5f9eef12beda9f25ccc147dd",
    "5f85e4e67a53ec1f88d1dcce",
    "5f9f04fc55308e395c8c870d",
    "5fa69c3ab695893c3c57870b",
    "5fa6a26f508f20277cfefbe1"
  ],
  "following": [
    "5f9be256dff674319424bdb9",
    "5f85e4e67a53ec1f88d1dcce"
  ],
  "likes": [],
  "pseudo": "CecileDuFlot",
  "email": "cecile@gmail.com",
  "password": "$2a$10$0IwtqvjmmRrv9RqFGHXe7uzifrThbyRURYXv4VGZo2JDzVvegjf9y",
  "updatedAt": {
    "$date": "2020-11-10T16:01:20.277Z"
  },
  "__v": 0
},{
  "_id": {
    "$oid": "5f9eef12beda9f25ccc147dd"
  },
  "picture": "./uploads/profil/QuadMerad.jpg",
  "followers": [
    "5f85e4e67a53ec1f88d1dcce",
    "5f9f04fc55308e395c8c870d",
    "5fa6a26f508f20277cfefbe1"
  ],
  "following": [
    "5f9ecd53045b03044c16c59a",
    "5f9bfe14ec46531d68f4fe56",
    "5f9ed8c4a9df7838e47da770",
    "5f9ecb2a8a2ec12a94a35b21",
    "5f9ede0fbeda9f25ccc147d1",
    "5f9ed64ca9df7838e47da767",
    "5f9ed6fca9df7838e47da76b",
    "5f9eeddebeda9f25ccc147d9"
  ],
  "likes": [
    "5f9eee0abeda9f25ccc147da",
    "5f9ede72beda9f25ccc147d7",
    "5f9ed8ffa9df7838e47da771",
    "5f9ed742a9df7838e47da76e",
    "5f9ed683a9df7838e47da768",
    "5f9ed567a9df7838e47da765",
    "5f9ecbd5045b03044c16c595",
    "5f9eca6f8a2ec12a94a35b1e",
    "5f9ec98f8a2ec12a94a35b1a",
    "5f9ec9538a2ec12a94a35b19",
    "5f9ddd902a129106346e0891",
    "5f9ddbdf2a129106346e088e",
    "5f9dd87bd6d07b24cc541c02",
    "5f9eef4cbeda9f25ccc147de",
    "5f9ef1f3beda9f25ccc147e7"
  ],
  "pseudo": "QuadMerad",
  "email": "merad@gmail.com",
  "password": "$2a$10$CaBfkm6oODwJaqp7kM9fSueyJrCbIb/s5UY.gSLumgpJ6gvYJfG36",
  "updatedAt": {
    "$date": "2020-11-09T12:05:47.719Z"
  },
  "__v": 0,
  "bio": "fefzgzev"
},{
  "_id": {
    "$oid": "5f9f04fc55308e395c8c870d"
  },
  "picture": "./uploads/profil/testeur.jpg",
  "followers": [],
  "likes": [
    "5f9eee0abeda9f25ccc147da"
  ],
  "pseudo": "testeur",
  "email": "test.test@gmail.com",
  "password": "$2a$10$/PeiUnVADADHxdr8eicfCuVbGhbD9HhHp14PjNKCqKAEleBNaKOZ2",
  "updatedAt": {
    "$date": "2020-11-04T23:05:35.467Z"
  },
  "__v": 0,
  "following": []
},{
  "_id": {
    "$oid": "5fa69c3ab695893c3c57870b"
  },
  "picture": "./uploads/profil/Philou.jpg",
  "followers": [
    "5fa6a91464b38b17a0154354"
  ],
  "following": [
    "5f9ede0fbeda9f25ccc147d1",
    "5f9eeddebeda9f25ccc147d9",
    "5f9ed8c4a9df7838e47da770",
    "5f9ed6fca9df7838e47da76b",
    "5f9ed64ca9df7838e47da767",
    "5f9ecd53045b03044c16c59a",
    "5f9ecb2a8a2ec12a94a35b21",
    "5f9be256dff674319424bdb9",
    "5f80be3856a9cb3418b2f28b",
    "5f85e4e67a53ec1f88d1dcce",
    "5fa6a26f508f20277cfefbe1",
    "5fa6ab34977de337f83c4e7c",
    "5fa6a91464b38b17a0154354",
    "5fa6a37f0b502137d839d4bc",
    "5f99a5bcce4a1f1cb8058002"
  ],
  "likes": [
    "5f9dd87bd6d07b24cc541c02",
    "5f9ec98f8a2ec12a94a35b1a",
    "5f9eca6f8a2ec12a94a35b1e"
  ],
  "pseudo": "Philou",
  "email": "philou@gmail.com",
  "password": "$2a$10$Tp0NPRIaxRP5LtdRQPHSXevf.RTB04twYh5lkR8xgfnT12UFl.w12",
  "updatedAt": {
    "$date": "2020-11-12T18:14:16.754Z"
  },
  "__v": 0
},{
  "_id": {
    "$oid": "5fa6a26f508f20277cfefbe1"
  },
  "picture": "./uploads/profil/Sarah.jpg",
  "followers": [
    "5fa69c3ab695893c3c57870b"
  ],
  "following": [
    "5f85e4e67a53ec1f88d1dcce",
    "5f9eef12beda9f25ccc147dd",
    "5f80be3856a9cb3418b2f28b",
    "5f9eeddebeda9f25ccc147d9",
    "5fa2adf13d00843a8c2a7f7e",
    "5f9ede0fbeda9f25ccc147d1",
    "5f99a5bcce4a1f1cb8058002"
  ],
  "likes": [
    "5f9ed567a9df7838e47da765",
    "5f9ed683a9df7838e47da768",
    "5f9dd87bd6d07b24cc541c02",
    "5f9eef4cbeda9f25ccc147de",
    "5f9ef1f3beda9f25ccc147e7",
    "5f9ede72beda9f25ccc147d7",
    "5f9ed8ffa9df7838e47da771"
  ],
  "pseudo": "Sarah",
  "email": "sarah@gmail.com",
  "password": "$2a$10$9VG0R/nGT/4QReyucQRaS.rWeyKl8/hb/RmcS2cRFk3rTKc3loY0q",
  "updatedAt": {
    "$date": "2020-11-10T10:54:42.886Z"
  },
  "__v": 0,
  "bio": "Hello à tous !"
},{
  "_id": {
    "$oid": "5fa6a37f0b502137d839d4bc"
  },
  "picture": "./uploads/profil/Audrey.jpg",
  "followers": [
    "5fa69c3ab695893c3c57870b"
  ],
  "following": [],
  "likes": [],
  "pseudo": "Audrey",
  "email": "audrey@gmail.com",
  "password": "$2a$10$rKSgZ1mdSZicuxf3kUb7A./MGRPAzVB927hnK.HUGNHIdKvlGBnKi",
  "updatedAt": {
    "$date": "2020-11-10T10:54:44.143Z"
  },
  "__v": 0
},{
  "_id": {
    "$oid": "5fa6a7517185381cd419a5af"
  },
  "picture": "./uploads/profil/random-user.png",
  "followers": [
    "5f80be3856a9cb3418b2f28b"
  ],
  "following": [],
  "likes": [
    "5f9ef1f3beda9f25ccc147e7",
    "5f9ed8ffa9df7838e47da771"
  ],
  "pseudo": "Justine",
  "email": "justine@gmail.com",
  "password": "$2a$10$cEzAvRecKpEKJbZ5ETe9jerU6oTI7MBv8b6UMyg9Fl/inrCAd6lHC",
  "updatedAt": {
    "$date": "2020-11-09T12:05:29.076Z"
  },
  "__v": 0
},{
  "_id": {
    "$oid": "5fa6a845035eb11808be90e1"
  },
  "picture": "./uploads/profil/Cameron.jpg",
  "followers": [],
  "following": [
    "5fa2adf13d00843a8c2a7f7e",
    "5f85e4e67a53ec1f88d1dcce"
  ],
  "likes": [
    "5f9ef1f3beda9f25ccc147e7",
    "5f9ed8ffa9df7838e47da771",
    "5f9eef4cbeda9f25ccc147de"
  ],
  "pseudo": "Cameron",
  "email": "cameron@gmail.com",
  "password": "$2a$10$Al31MFVjk.X6pwZ1RvAnuOuHuXKzFOhgDDmS8JV2d08x.lx6PeLtm",
  "updatedAt": {
    "$date": "2020-11-07T14:02:39.692Z"
  },
  "__v": 0
},{
  "_id": {
    "$oid": "5fa6a91464b38b17a0154354"
  },
  "picture": "./uploads/profil/millan.jpg",
  "followers": [
    "5fa69c3ab695893c3c57870b"
  ],
  "following": [
    "5fa69c3ab695893c3c57870b"
  ],
  "likes": [
    "5f9eef4cbeda9f25ccc147de",
    "5f9ed8ffa9df7838e47da771",
    "5f9dd87bd6d07b24cc541c02"
  ],
  "pseudo": "Millan",
  "email": "millan@gmail.com",
  "password": "$2a$10$rHPyNpZlFzH7N.Hi1OWBXuewB/MEA1kLvMn9Kz50kic7cWYmzn4tW",
  "updatedAt": {
    "$date": "2020-11-13T17:28:08.032Z"
  },
  "__v": 0,
  "bio": "Hey hey hey\n"
},{
  "_id": {
    "$oid": "5fa6ab34977de337f83c4e7c"
  },
  "picture": "./uploads/profil/Aria.jpg",
  "followers": [
    "5fa69c3ab695893c3c57870b"
  ],
  "following": [],
  "likes": [],
  "pseudo": "Aria",
  "email": "aria@gmail.com",
  "password": "$2a$10$yx9LCuuQIlvYoHMjEAI4Y.NcNdouWmGuBbF9KevtwK3YSAuUDc16C",
  "updatedAt": {
    "$date": "2020-11-10T10:54:43.247Z"
  },
  "__v": 0
},{
  "_id": {
    "$oid": "5faabe0e2b26a34098286cfb"
  },
  "picture": "./uploads/profil/FromScratch.jpg",
  "followers": [],
  "following": [],
  "likes": [],
  "pseudo": "FromScratch",
  "email": "fromscratch@gmail.com",
  "password": "$2a$10$vCD0fT8gYFJLVJN98dLR1.adqgzFS5ShZOuzrppIxFdm7r4chK83u",
  "updatedAt": {
    "$date": "2020-11-14T10:15:16.463Z"
  },
  "__v": 0
}]